{"cameraMode":{"drawMode":0,"name":"Shaded","section":"Shading Mode"},"sceneLighting":true,"audioPlay":false,"sceneViewState":{"showFog":true,"showMaterialUpdate":false,"showSkybox":true,"showFlares":true,"showImageEffects":true,"showParticleSystems":true},"in2DMode":false,"pivot":{"x":-2.090777635574341,"y":1.1396361589431763,"z":-0.5520129799842835},"rotation":{"x":-0.09392283856868744,"y":0.8163414001464844,"z":-0.1387094110250473,"w":-0.552754282951355},"size":12.12435531616211,"orthographic":false}